user_id,song_id,weight
703680,155818,530.3024597161098
801034,674816,530.7541540600348
975852,181501,542.2695580655226
563786,589532,518.9202178781227
680731,173540,573.3367956112232
580347,467336,3755.8928128135003
510457,683627,2742.4528433872265
427619,139708,692.7434530994376
582638,111351,482.40808869694996
677984,222168,70.4630621521643
763494,116583,882.2308924644749
565110,776827,483.9697017237357
229032,576192,0.0
789430,858686,0.0
792900,697735,397.68461120820473
806119,720021,164.65380171106727
185660,358492,1478.1745349070056
703102,892846,2521.6673837274675
886976,359964,138.34874733886204
228705,744225,1058.302461005198
685281,168036,295.06683159108553
457281,676985,1540.8579559807115
687507,79564,111.36969782047049
976288,853711,2121.0348088407422
834376,660710,1832.7753948866239
652344,412048,553.8637850648817
567610,695522,935.459723805863
757732,561824,1448.0245228862016
880154,289302,1863.2427675208794
87420,368515,78.11941842169793
656073,500298,1365.392447702511
233136,230551,1305.1181326753092
23425,168259,721.9734793179863
267531,712748,1154.6590997588687
500785,600576,197.45373746742325
464862,681692,578.3221658418812
175764,731273,0.0
485906,682351,4307.619411618596
564202,830738,922.8736099261266
39784,432562,0.0
708871,945506,0.0
960886,124092,2848.220115279947
617317,481574,2000.9625479692456
432054,232504,439.44842273482965
888088,178147,0.0
827484,175115,1357.642084466914
101403,810856,648.5307497129427
198599,930630,828.0131294495579
184614,885751,231.13576028655422
168685,991132,1059.0347250556229
360936,181501,0.0
594395,467336,1961.141185994181
960230,944806,583.759432828081
983077,453204,0.0
914527,19394,242.77789279769758
134594,361613,2638.4867795449986
257737,322436,0.0
514611,742056,252.460100306825
90287,46897,0.0
960206,155818,9.864137099100134
196165,323222,0.0
847891,545918,1208.6695259993176
927322,634974,1026.3102061839859
728367,610392,0.0
138760,354754,0.0
383577,43041,0.0
756469,203088,1048.3352730903282
263144,419839,516.6432269250615
688290,810856,602.253763216661
229999,173540,829.5851538218293
873523,71619,195.43478340064118
826268,477242,194.16380745930343
196767,405050,2716.4998918666756
956139,429815,625.4154555266824
853921,247498,747.8435872456148
642482,209007,895.5636998334612
192054,947232,630.9125240602636
991436,950081,4504.422678227988
402936,359220,992.8726846878956
73483,343176,0.0
665395,696504,0.0
94128,191805,1124.7042774162558
733443,784640,0.0
145024,149616,953.255683100338
87420,357060,135.245002278957
939428,443963,1222.6238645573821
845022,172970,95.79200365525992
73989,442208,2708.545955930743
748236,43055,403.1659585832565
961715,780093,0.0
789805,753436,168.73654489016633
321379,361613,1041.8427312734486
298171,137151,0.0
473629,964047,2072.7119171966165
961018,278805,0.0
922821,845427,1295.6081572750095
746758,543648,211.72865813227406
199796,923116,650.7430391321316
567276,361613,1736.793035490954
787431,76576,86.38249989504018
809388,421331,0.0
956839,530632,879.9801998707092
645071,272457,436.88027592933025
497095,958530,29.947450286077924
303215,325011,580.4085887472571
616654,166845,1033.9607982842454
402769,429117,260.99829952525033
387838,789786,917.1959956061859
280445,278805,488.50875037678577
921397,845427,235.39116106516414
5545,138995,586.297959771265
269328,843807,0.0
815960,358032,0.0
581089,175115,410.0224231758941
258600,343176,735.9984496266356
826214,124092,1705.4514703556335
511970,378771,0.0
930675,569289,86.79458325759381
235465,677576,520.9355714673942
826533,665162,1184.5880325235664
63167,457602,522.9250926646367
749492,122935,820.6666252270229
115791,99737,20.28755247666885
348711,494777,0.0
457220,23763,2342.7211566331202
87432,873790,0.0
878123,935585,767.080623269888
749597,695522,2388.1383672186194
155431,668467,820.8159245636325
843911,156463,0.0
733993,301921,559.8732577671256
173252,259282,671.0458527868277
304970,40691,1810.0034809191197
667644,930577,0.0
291936,218845,7.722580261511752
853921,208721,1004.8941670585735
809698,172970,644.2556328251067
212905,342381,298.67405264991254
548651,879365,0.0
40242,332403,0.0
629589,440242,721.2002102015852
572442,926341,0.0
862066,853711,1619.7306584041914
690928,698415,626.6827878818209
880154,961450,1097.1276264621583
838520,361613,1232.2811237174105
950278,181501,705.1159127076779
705172,984203,246.94522469213126
525454,282435,2470.4026863888616
94085,697735,865.364083163243
742254,887902,235.5677418656682
204933,736860,267.35515476359336
418840,22989,0.0
459393,302116,122.09506555295752
387451,11502,1851.6094709709187
127948,443525,228.5055662830905
162715,975724,360.0672294323803
233407,175115,1581.9052572634355
720908,172767,615.4553102821136
738689,940986,15.223060616460032
443869,159780,339.4836294277048
965700,158396,0.0
760280,430087,2508.8923429346773
535656,699356,0.0
545414,64135,803.3523316023002
706244,184702,0.0
14468,530577,564.406660993781
473629,831838,2049.2231521615604
927895,156463,0.0
321379,569772,0.0
714063,444328,2659.4417803863666
413789,442208,2146.93154713194
328648,442180,1129.1705959936153
844831,825117,1225.7077669209584
652162,530577,713.715557985773
35301,581871,856.9589180698753
51309,200862,0.0
690928,622212,687.1087890757169
709789,569289,1060.3688651148784
307077,853711,1563.1656647912596
583366,322141,212.79034965624194
770147,964615,24.023008886365176
485327,530632,348.52653689503194
390708,919754,211.11074151081394
500243,580528,168.9365151452775
105101,155818,650.0159868621354
592059,835492,1206.0151266472374
35301,19394,1165.0011241469972
609299,513102,0.0
922821,222168,1281.6533415902568
606675,118072,882.1021490245203
388163,576534,0.0
292139,795806,0.0
428585,203088,996.3156612489771
921538,866793,1051.8924390122431
269980,545860,1157.800848509738
739689,443963,516.1793073103626
544870,62959,1033.29201735105
230844,30048,3653.3870477948994
133694,429117,28.167880865193553
872098,65027,67.3899949345078
304321,88581,551.7110095523749
922821,670344,1360.6971803841325
602086,417921,531.2489338832745
50241,929648,0.0
523601,940359,1036.4816578786317
428998,477958,0.0
386252,490812,1252.840471515577
527585,530577,832.8966019354408
672075,203088,3875.164910660517
549879,719852,1083.6513180238533
517910,853711,1237.6994464431164
674938,923116,738.5250157484096
379468,839768,353.2909729442878
629329,359220,0.0
738689,139708,0.0
836445,714905,1432.4878969432007
728654,576534,0.0
162306,839864,425.4985344991055
677058,961450,3164.3465926754243
696596,429815,427.3329938849813
865119,810856,1163.2770215560547
702370,864193,279.46340485515424
889386,342381,715.1072725746883
12778,676985,275.0792398748167
748236,683627,2088.2083218333696
146050,882140,2337.7135343271316
860559,343176,0.0
501724,103828,298.99151366722884
629275,371227,0.0
767243,810856,656.2331717849476
648669,720245,119.68981244336709
873523,352427,321.10318930594855
411817,419839,1153.3327225445253
379357,528099,1794.1968232449667
500846,156463,67.42783072267548
984969,107765,118.09966768823739
31327,753436,577.2119216164311
144919,59550,286.3637678876845
52441,825117,449.9828230480818
17180,531167,3505.330427377897
113887,720245,3992.2076539274867
798629,366172,1976.239518458359
180375,257446,1596.8945966695185
677984,998913,7.099181982743346
991074,244124,291.7632993515721
202511,404332,969.9860341774555
749597,817206,2118.8504453830515
540926,146545,524.6025309557918
754834,341932,561.3497166177294
84252,558292,0.0
680396,707607,921.8146888448681
208192,558834,332.03993727277617
899692,259282,192.5983349096578
578454,685284,0.0
759507,875661,0.0
619310,337599,0.0
685281,860465,0.0
51230,697735,993.416922034447
5545,964615,440.3390997289849
46049,322436,1029.5030407658437
560178,282435,4377.9372913604175
865119,695522,1235.3907426929215
478885,693469,485.69251941659434
197033,20822,1494.8239101983766
519266,918042,7220.483918235657
900442,768391,1578.3733066596171
731718,257446,707.4982396753267
703680,785196,228.00830942126356
779448,637840,456.80142263709166
366716,222168,545.6166357802892
412878,853711,1266.3269222917988
569729,947182,629.8612050492834
213799,750287,257.92070229601586
905328,289302,1571.7091324245207
394550,969697,5596.00092818602
10146,133019,0.0
914075,481574,1868.2723051775179
25155,306419,347.4796920479044
837400,637196,304.57774126713457
212905,741090,147.48823206602634
485420,276693,4040.7572938096123
617317,550395,974.7921662277033
471115,628744,118.18671488397237
308024,417021,379.76712824705066
368320,512900,407.4240128799409
901815,477242,1042.949084309695
704863,877336,0.0
780239,458201,364.56631458128044
233229,589663,572.0431175725699
448583,590338,1661.999803635302
465371,720021,539.8767655281688
479968,43965,0.0
290643,2282,619.9798874890153
473629,964047,2072.7119171966165
287882,625262,751.3829388646966
751813,156463,415.738524125354
12180,158427,0.0
218067,720021,146.4335906107387
440649,683627,1566.1097895691782
583366,290726,777.9842689685601
154142,961450,2271.9768829875206
257365,110225,1632.812355730075
425980,560212,414.9804455192961
162306,952765,290.46742497744503
717621,882140,368.5901554197982
941366,615562,564.0269468429684
926638,442208,12887.062092436032
805478,203088,2136.9183342945007
278830,332403,103.22250043881161
892315,176088,79.3680273895907
728654,172260,339.9532505823553
687395,357060,0.0
23425,361613,1655.7870321517169
996586,964047,565.8527683565251
13084,742056,0.0
914075,617660,1715.5062626522683
303215,416657,949.8314750851478
30404,668067,917.3357897995518
655693,956375,2399.9639846355267
572295,457602,133.00210188071495
388163,845658,389.6345115469132
275753,763239,320.27369072310955
508803,173210,0.0
320710,367555,680.1866763281382
178036,632927,1740.0751652667523
415534,78309,1760.2902030386704
939109,357060,800.630882842388
233713,668067,405.3196866960503
616727,810856,0.0
694983,617660,1622.4053710953594
897835,252161,837.3708212573696
804132,412048,738.3686175313519
377658,332403,87.72061862704697
386404,30958,0.0
776400,86690,0.0
133263,70231,315.7251232540042
909495,412048,188.6452222046454
527585,121800,695.1847420171907
3028,92051,366.9950971898602
91756,930630,589.6026550752207
367802,20945,942.8598754173305
274002,720245,1109.7216655088587
943078,161791,2023.5719455833207
16583,325011,0.0
312559,660918,278.29041730246865
946410,306419,11.218872447881907
646566,88581,991.239195851662
958627,357060,0.0
798629,947232,2120.135014966418
198793,923116,697.3428291184186
629573,116583,542.2051622549238
535656,684955,404.27955991440274
320505,62959,89.53830154728035
325302,853711,2739.3004169449378
139237,124092,1041.6046491326692
226076,224759,1512.296751806954
277770,442180,863.7772015669702
919883,412048,3226.992302638378
202214,124092,4376.084666558254
385467,554209,619.4480189776348
300804,685277,24.098970400431938
600619,611677,94.64785786983197
430771,442180,1381.222249994295
921538,259282,1404.2116237633327
733993,301921,559.8732577671256
877276,831838,345.0786783252149
520152,368515,122.8784879753529
29229,543648,415.14258074048394
980347,887902,2108.85151646186
314971,14510,2586.4204334633455
872280,731343,1193.098497091243
13713,947232,0.0
88536,47251,190.21858132200663
533032,442208,2037.4400347327837
149845,453204,0.0
461374,842353,225.92810161316277
397925,352427,359.8381915829015
748809,765421,693.7838757802131
196165,975724,60.0242203547802
550427,247498,960.079193517849
198812,964047,48.132211444840664
361930,807942,0.0
675367,481574,1806.0198904211643
981277,175115,331.28299643079856
550269,461718,0.0
872098,580997,1103.510610994777
29341,714905,2308.896360817676
501468,809910,0.0
581813,853711,1700.6313683190942
687395,961450,213.1410077751848
468276,92883,698.7500126374631
623294,593407,186.09329432968866
515608,303318,103.92172868445866
968421,880878,148.5461741627126
52929,968746,32.878655958202785
393604,432302,0.0
494116,419839,132.67016082999288
52933,845427,593.9133323455349
49766,324722,0.0
751455,442208,1879.846161497115
711852,419839,892.5079147697381
5334,429815,635.3325660575358
652344,622212,0.0
616467,77532,523.3486443242207
400867,142649,0.0
584174,684955,274.1626933397673
60438,680503,252.5802998400448
30404,218845,828.7056773002296
809698,918042,3952.6243235007096
950407,285685,0.0
290858,865701,1029.3484461112826
132102,720245,1986.7118577573415
107122,810277,0.0
376613,95297,3737.696337017131
52933,838567,344.7937688508544
756469,85370,649.9122367431955
197117,837231,154.14206913020828
628474,143964,901.0425575358564
509031,62959,0.0
648400,901795,60.124496774030774
462373,918042,3964.3955001506797
190171,720021,5201.5765143884455
438811,593896,0.0
705897,163987,887.9390000047682
886557,161470,6245.095736321466
948660,361613,1344.7412589106932
428585,134783,0.0
154714,85370,385.4799724636865
381409,134783,0.0
466354,325011,244.71342671301105
510457,361613,2217.740601668106
729324,728573,168.1800745556182
328887,892846,412.73470555800793
983454,443963,275.0460543635677
841967,155818,435.03464829492566
294105,558292,269.490528875714
688082,176088,419.0726294333565
208530,520514,136.6390898490656
5334,755701,0.0
672617,904592,761.7194495649626
445584,720245,945.8015682603367
98012,481574,2191.5604256902147
757732,429117,1794.8858991498923
651842,404921,275.1248129342164
179421,332403,1542.2756203564127
696944,467336,4773.7211371506355
757708,805437,0.0
745745,85370,933.0006605051287
773773,578968,253.96168578851712
830138,83760,292.2262623236227
816529,427016,314.6174873938145
74832,85370,687.7360560592218
786606,173540,112.81482262746374
728654,343176,0.0
641101,359220,0.0
662690,59550,8073.916114206277
287882,720245,825.6272535966516
996946,581871,4827.146481831291
831962,695522,263.96093533910556
980347,121996,1918.6114986097157
675367,285685,0.0
32513,30376,161.3518437710521
391289,765004,0.0
109353,712748,3465.346663283865
91959,163987,0.0
329918,543648,725.6568205066558
865448,797471,97.94520850111786
674371,483285,218.03313616068732
217484,139878,802.8406635216136
923619,341932,1296.3859800009534
235465,677576,520.9355714673942
522992,683627,2024.7551456661297
259412,918042,3633.712814248024
109353,894544,3190.5025428705812
356813,64135,7357.197613352078
890152,30376,283.03093978233665
983077,359220,0.0
75683,343176,288.9785357754811
677984,132660,0.0
976972,318504,480.73133816740483
102809,357600,145.01284919147946
267531,936020,189.00848658377726
296720,905371,319.44894919464014
738728,579967,3378.3722120334323
170321,155818,348.7403739175177
60438,772796,54.26800885253017
249667,232504,1734.502692000719
226184,282435,1113.7483540173735
623294,245135,0.0
580758,955087,1392.073312746482
504578,720245,365.09048692476034
3859,417999,92.0562489781754
267531,567422,526.1730690139161
763494,337599,926.9018345193037
748236,337273,1265.017385137987
46098,54879,0.0
179421,7391,1552.6483112829396
816529,15238,184.23437321065347
249741,785196,5340.434253687176
742254,681692,922.4239707733169
149710,918042,3986.3545990043126
943753,342381,432.82562675774903
565019,19394,956.9481487491385
239215,684955,631.7401217201581
865119,442208,3000.7589857422763
189144,879365,0.0
285752,631627,0.0
82245,740537,0.0
612336,595517,1326.6537884961126
943405,706119,295.5670352610282
314004,175115,370.20759067353595
182917,878291,753.2472859534405
98220,358877,65.55630186190837
887152,656648,0.0
525454,181501,1138.109946779054
307836,366475,0.0
889517,210547,497.2573837947442
154714,175115,70.76616174400885
462373,191805,514.576936929941
87432,139708,88.0581527364813
993278,955087,131.57739522004812
88833,481574,2574.7530303712037
820043,853711,1619.449063075043
178036,419839,2440.241538004583
23425,181501,380.9177264970658
152292,88020,604.3716107192389
872280,746858,872.5758834867838
235170,647752,0.0
157849,546334,675.5268259801114
870695,671635,201.23407507648736
475311,569772,0.0
119912,964047,755.3311864904884
229999,309284,437.38725067565184
434435,359220,0.0
366716,653526,939.7031819545941
983003,395742,0.0
462373,430960,46.19984896324735
385920,168040,2303.903040531685
399241,110225,786.4440503090385
249741,83760,5081.605621219937
255238,593896,461.0196857428593
642482,377243,233.53086056197583
583524,429815,3474.9213368083947
921500,442208,1818.5919055433892
443018,299201,479.6271306847286
915822,501406,1210.0217834578966
578454,741090,65.1484913578318
725592,662929,309.9065766160796
299012,742056,67.07369334344244
35953,993433,0.0
388542,539831,0.0
987042,679564,0.0
461672,285685,29.307127986858774
551116,942223,0.0
904490,707607,1481.1345283160558
245375,523230,1186.8025099516276
777914,46858,444.54512061627895
84252,27852,0.0
141626,134783,955.358724521309
32820,894544,1116.25634919869
446114,853711,2322.594535172956
280345,595651,488.10198166638236
788707,110225,1135.387568521744
588774,998913,362.4694635207726
940112,892846,923.0394422767379
685438,325135,2363.5339339599946
704863,203088,1014.5487553742297
287399,695073,0.0
481517,965622,557.1419314932041
36989,252330,0.0
149710,631627,296.3184806027543
21197,8532,87.74264245095736
672075,707607,3668.3878216542603
904490,353431,747.7909619563409
778023,924533,62.326725559094726
721041,40691,4955.049699083316
621581,479451,2057.3767655401016
687507,368515,103.47565666615972
312559,753600,248.00233920050766
292231,358706,1233.4158751563714
40167,685277,1249.665100914907
165064,792241,0.0
858927,200862,0.0
960673,209975,797.3709639467202
743002,699356,0.0
943753,706932,44.42227802801451
849071,169708,3514.105709214772
933875,890120,680.1214324079965
502855,161470,2641.7617849763137
931636,866793,1460.754985884545
689551,859848,1166.2140366732817
905328,77532,785.8668815744599
864274,853711,2067.1781109998465
854305,546334,583.5073570468827
912876,528099,205.3130076981131
801034,83016,40.28091774016808
641101,878291,0.0
160531,838773,201.4222254271288
456045,172260,247.50501048543185
820043,181501,0.0
980347,430087,1968.5849023162154
546751,90870,274.4700448379991
472734,993470,881.1511713594118
572442,182948,0.0
134594,975724,1640.9503755089422
278830,821099,699.2722598792412
303215,799263,961.6874132479168
457566,961450,1074.9131868257082
268330,77532,83.32048661903048
651183,161791,4800.304881163053
784469,197265,53.92351517599141
538866,323714,1176.755188415466
396793,356630,255.58706003290683
55408,762652,2778.619170944421
956139,712748,509.27939918525874
950407,429815,202.91346329011503
539688,354754,1418.6320317360294
488972,427016,2123.20381533913
679277,463579,1659.1946704891557
717621,204071,0.0
147687,323714,289.94684978976187
344387,804852,1364.443462461977
646811,603814,62.13615285709474
106422,559634,301.9664008496379
400684,598237,510.34583910280173
83556,28824,0.0
857941,560212,136.22568961389192
921500,712748,473.44366954001805
155448,159881,113.48114982631239
397832,271305,0.0
931303,914322,941.5005160901821
693315,422993,0.0
960206,968746,0.0
841491,581546,841.1011672619755
560178,429815,3875.112910376627
135234,964047,1211.1705665254472
220422,454172,516.5146295046119
461374,359964,0.0
930582,431405,1894.014620994272
898340,959822,114.23872571282098
537780,151958,851.1877238127465
745745,332403,293.1220614738263
255238,785196,0.0
155813,546613,6771.489737210464
462373,853711,1834.0793266817618
810951,842353,631.7902178690816
428286,837231,438.8033103627872
363327,124092,1031.2513667166638
517362,155818,672.1144291631505
676545,667218,959.8049667726116
718811,830738,1461.5499307429814
272515,252330,1585.7573617001888
386252,720021,1567.6877624549156
461672,845658,188.47429617396523
767243,892846,917.3816457924278
290858,429815,1671.070189127153
548897,77532,452.5988400203938
199575,858686,1365.6010273797106
35632,172260,1201.7882597541652
921349,652478,0.0
548651,885751,0.0
764100,566781,0.0
206430,78544,2445.3602036610055
822352,35691,749.7171029402716
776400,124092,1335.5381134913039
381316,79564,444.77100085009266
155448,173500,0.0
626453,168040,6077.29817583484
879323,706932,278.8291464873799
625230,427016,406.14330335976797
550269,467096,0.0
364412,794732,0.0
777692,172767,372.97074954134075
917331,280800,1118.599551900569
621581,76655,1660.6470629932155
676547,707607,731.7677277824744
994557,203088,1439.396430399709
363327,811014,125.20062528139675
44344,124806,1402.3676553936511
217484,139878,802.8406635216136
948660,825117,498.45956796085926
470988,407444,305.5918412260868
904490,576534,354.8650774046014
858239,617660,1815.7834564171453
131584,541838,412.3389636948673
178090,197587,0.0
81638,626176,161.54799251860263
160451,88581,824.2273693603067
893916,366172,0.0
962823,964047,348.7784730614753
380320,418352,33.96077124933316
680069,279019,322.3426841605882
329721,203088,3236.2252205251716
338687,853711,3216.3197888853056
665381,226012,171.03220038048573
806610,172260,594.5521005115065
596439,682351,4594.345337835977
179421,168040,2934.8392719223457
502990,19394,600.4624089456624
402706,155818,659.3456314955786
101021,515894,854.1982579321846
173042,481574,2856.1100291491293
329918,543648,725.6568205066558
208237,603814,531.5774768173097
696944,724817,3750.411284130117
763874,697735,4580.998609098353
185706,324421,77.14421242538867
956839,945506,490.10428212781017
980278,477242,0.0
388542,68758,0.0
229032,841918,404.04815630117764
889517,500298,276.1780969984584
212644,289302,1877.2587484707728
589816,665225,0.0
360936,83760,0.0
39784,449050,0.0
572310,853711,1699.1638709303456
278374,746858,0.0
848198,858628,285.89200964376175
931256,530577,1152.1327862382318
865855,354754,12.368675070594023
826268,531167,3125.8512660687616
933875,137151,825.6372130973737
224720,834789,181.8013836272744
109410,993470,291.09644838278797
862531,810856,99.58927346616858
473629,467336,3963.737592778005
645088,892846,1717.949611165302
606750,203088,1778.6864562582468
105101,323714,815.9035026947031
714063,595651,2958.162604469726
994520,94700,0.0
930068,490812,257.27247981216163
611929,603814,265.5028435014317
767243,837231,327.3076922897841
314004,433133,1160.6742391510984
160451,88581,824.2273693603067
128643,120514,780.1369992726226
263666,936020,0.0
329721,395742,1707.5002929060051
500243,166932,155.70007047247668
956839,209750,1241.7300224852447
495790,137151,1004.7381431435834
97664,175115,317.95159105290634
953808,71619,249.8706994415024
139237,271305,0.0
235465,166845,714.2243398618727
345317,960105,589.6994599336492
702113,155818,3058.578965116181
936230,720021,0.0
996946,256944,4886.320729602718
494923,203088,1779.6133337655663
387838,419839,917.5497141329831
57955,882140,245.8200826652461
9072,968746,160.69405918227676
189144,849673,242.02025768026624
259412,124092,1054.7273723862859
280445,445880,507.49216485486727
614659,860838,869.2850975804079
317525,133305,0.0
248522,421230,1053.748750319777
208084,707607,1278.9702860879654
20501,720021,465.6969930707963
200749,422993,2329.563567536101
60438,7391,235.00843612547428
239119,531167,3130.406526970278
214829,368515,331.2291859385107
717621,720471,236.41003797002074
16583,161791,1571.6972100250096
149845,161791,1175.8535549077747
708871,945506,0.0
594395,200862,117.95063991098752
962823,266299,466.2693397874116
783758,244124,723.8473685334393
456045,926341,41.6153007711724
939571,181501,690.0551145066275
94085,33540,20.458646728201884
677058,481574,4631.742160677653
261329,558292,565.6288912109183
738689,636297,0.0
939238,347465,0.0
811101,841332,1624.2580453426804
393955,404332,309.5644424598985
183541,660710,250.6916300145723
583328,955087,806.6225642943615
342670,467336,3664.7369264896997
869053,561824,2010.1725123616454
759507,59550,309.14342157238093
285752,978372,0.0
520152,417999,187.37198520470838
166096,779403,185.85563307961456
23413,458201,0.0
863527,124291,73.68125684871387
255026,947182,469.72432024059964
252585,349340,0.0
550465,926341,0.0
676169,817299,98.0922929899698
714512,11502,1999.206266751949
375550,648994,1061.011887847707
940375,353431,786.8669967754894
946410,493058,0.0
535656,244124,340.45161183701555
387838,161791,2105.704816844089
690769,43965,339.44603114389736
778959,850645,0.0
878123,941421,0.0
930582,161791,1792.5618484028812
32813,442180,165.608647921149
877034,975724,115.06501544971292
405415,209750,2305.878550108094
802814,437750,618.8266619677327
138760,354754,0.0
769063,33540,0.0
369563,308431,0.0
863527,55333,0.0
229536,695937,738.6421986700398
553919,298381,190.50475135620098
307077,173210,0.0
891024,209750,3572.2929960039182
674371,71619,321.843942834112
679277,731343,2002.9922636381716
208237,131361,807.1506801041313
494923,203088,1779.6133337655663
670600,510309,88.26252181586707
87420,322141,93.496831878211
484907,203088,1085.6993685979846
141626,467336,2917.790830452726
643349,85370,1527.2148798337257
804482,763185,261.5676747580126
46079,124806,0.0
920883,882140,450.3924032192869
221082,34924,429.1230108949027
148529,68618,901.39483544862
835455,513102,316.84076151423585
821723,744225,351.8430882432772
381742,454172,380.34764864163617
84252,419839,0.0
674938,165206,0.0
713609,33540,220.3881732562873
35301,569772,891.7281510398095
323213,943114,911.4946173603969
320312,231924,152.4368943761807
406426,742056,0.0
54907,279434,230.04857068365953
648669,99737,75.31420162517173
343297,593407,294.51174554434533
936489,173210,298.00773538782937
739689,207572,111.78477039520544
983454,943000,0.0
328887,11502,1093.6057634199276
984969,508732,0.0
415685,175115,1281.5159046108445
154611,372792,179.39050997546158
788474,207572,51.54298615625305
10146,429815,698.5814072422787
5334,911765,13727.477561538766
280345,500298,274.87236527678226
198812,697735,626.8741573875084
128643,252330,692.1528888899996
367242,737971,217.5698253043496
227356,701088,706.7681835752338
962823,689022,1489.5200958922105
360936,765004,0.0
825437,845658,520.4804880450017
314004,785196,0.0
983077,710003,0.0
956139,124092,993.95662102949
9797,62959,728.6662183549587
427619,139708,692.7434530994376
926285,967776,0.0
841967,918042,3970.523052439877
956139,156463,0.0
983454,117240,994.1311444543107
197033,593407,1956.248606641106
238350,313852,1309.0652209337045
292771,683627,1779.2061120534552
590674,284898,0.0
652256,120514,614.1829150524088
379529,175115,323.25517249648067
831804,601564,295.9918130287903
300740,442208,2738.3370583124483
781907,239589,2235.966463970644
477165,918042,4493.788198194267
950278,182948,481.6365931790211
72732,276693,0.0
734572,357060,481.750027895229
541390,134783,184.74582577569652
486723,918042,4941.070368556111
680069,83760,0.0
300740,617660,2620.0237360892525
249741,810277,5681.258665466665
784623,166845,986.7002065875936
255238,407954,65.84391034083716
52933,172970,828.4615534719483
715340,59550,172.51121682054827
318613,968423,103.86366979993113
996946,419839,5178.633072761481
170321,880878,458.5512663641128
758559,373880,192.81443232298506
995474,685277,872.6644505691575
950278,111351,673.8858784946914
218312,528099,1193.6594831744499
518921,442180,1010.6082904458151
445584,202503,321.07268173219825
641245,154970,1424.2125817452736
962823,964047,348.7784730614753
580763,325752,345.61503763618805
891017,43041,548.1423267287994
588774,880878,557.0275594786062
484907,134783,2.769127891529692
102625,417921,2699.8190235646457
435858,631627,155.60840414630906
565019,676985,1038.7753292351308
15762,397791,519.6742609233075
952776,83760,40.609181156043974
321831,841918,1908.175715184914
9797,244124,950.5070420599293
909826,569289,4249.352437802018
702370,230551,629.518984935134
436879,530577,1237.9366122291472
461374,668067,24.336449309177425
931636,990451,1585.1890061465535
511164,991841,1232.3591951223907
552679,580751,0.0
896821,181501,672.2540645830782
864274,831838,568.8984235799866
558817,539831,184.94726239012303
338687,683627,3369.2225437374323
68322,807942,0.0
490549,99737,958.8440117287232
635419,918042,3838.7653244992175
784451,353431,449.3709280142421
321831,926341,1451.599541814259
278830,716602,0.0
781907,239589,2235.966463970644
756469,133019,0.0
154832,231924,1067.8738280011144
845634,465904,244.9999235952431
393955,546334,887.1853619490752
307836,285685,0.0
372854,217961,665.8701770515175
380320,582264,371.1500075170529
138760,786341,0.0
932825,161791,2075.5082338470966
475311,392334,92.27345385921728
908195,680503,100.76530417811392
119317,974267,402.3454089700324
239119,977491,658.1598280334787
572310,789786,478.55913398589223
642984,366462,850.6783205226108
198599,866793,826.2581553651294
308024,417021,379.76712824705066
763874,128283,1588.4715204751856
514757,22156,561.2655908762667
858239,34924,69.45645903185039
97664,200862,67.39975726148529
684086,466274,0.0
160451,88581,824.2273693603067
287399,372657,0.0
164135,337273,1685.6323778058018
143176,880878,449.9309986397064
145,430087,0.0
364412,681692,785.2517974713536
884287,853711,1388.0243967192205
216482,71619,1199.2724574804322
662733,759621,148.1112712100889
299012,850104,769.462441152505
583351,880878,117.83664164482724
416958,943498,0.0
69792,733553,928.1658138383027
387456,595651,378.4302767545919
243896,252933,201.07182802429648
152991,361613,1054.0224490290298
858258,568205,558.0773770038388
46049,894544,1356.925924564239
502855,442208,3336.118541999962
413862,442208,2062.209822165703
50105,278891,281.1159981244825
863817,998913,18.79762153932819
490549,422993,299.3891673251132
656748,840981,1927.5393532617313
562020,965622,965.0432874921682
244421,530632,343.05870732927525
559800,43055,329.9421260563122
549429,853711,1461.8284011890942
363327,837094,0.0
778959,353431,0.0
978744,305866,671.6938492260346
833290,694628,135.8410669634266
939571,361613,1964.9244201612787
295282,914322,86.24630867193594
777692,693469,1035.9848188642009
588548,357060,520.6120406456838
536001,814031,2735.11267991793
321831,690691,1509.3114898931071
764148,969697,6197.428673122817
14688,655018,956.270725151538
144562,765421,1170.991598935831
107122,311506,0.0
812593,81663,0.0
624871,974267,0.0
674938,817299,0.0
110303,442208,3169.342225609047
619310,230551,0.0
886976,595651,367.7855844373705
292231,357060,1529.7900274122007
863527,19394,237.96505250685806
927895,785196,0.0
175764,845427,59.42473035211296
888338,176088,2381.6660385983723
742254,427016,375.80306181617993
324446,453949,2272.875665699063
652256,757587,569.452247554974
680069,720245,648.1776290359248
784451,111351,174.84986867396015
677025,631627,0.0
296676,923116,1187.6685080183438
341782,222168,271.4284955370349
27282,685284,206.2854790082755
494116,155818,0.0
447121,528099,1448.74497907452
510562,230551,303.56306257232734
677984,124092,1048.3493477771951
214829,546334,852.2391926947842
209564,405050,390.9967803708503
726374,912372,277.6219993644647
345522,235559,775.1667760550023
118098,513102,1673.0537289913875
786606,467336,1839.7560957606584
17180,913809,799.335918814646
889399,853711,2926.0615895116216
846172,155818,388.5728971035992
67558,307791,6462.180522315951
929711,710589,1471.6126164077425
698431,693469,2038.7333417514797
488932,992122,997.3280725902391
541424,154970,730.6308418605456
160531,75840,283.71517444494077
168346,481574,2436.350693756306
447968,418786,1108.5325586523109
663510,161791,1661.2800669015335
435858,97764,157.0304103795332
805478,442208,3011.9871920891987
551116,676985,277.0233344468612
792165,467336,1601.6687383448061
30144,250431,0.0
1539,158427,1298.0253211785084
982806,660174,220.1503363181343
119317,24488,1915.2642191894995
417037,323714,414.7886282347492
617795,728573,546.3789131999475
213860,579967,110.95278888378567
783042,528099,1699.996393476064
820043,576534,0.0
513869,720245,364.86763738365534
292231,720021,1633.8659401237853
872280,821099,1457.5071974775187
418840,546334,586.4967995617795
24901,467336,1496.057575140433
945432,887902,24.85780129386916
243588,121020,289.16318831545766
782334,615562,1017.3642937378721
961018,282435,985.0949836313863
735011,503267,481.328163174516
395918,558616,321.41231376368137
82245,825117,190.57435647206017
40167,222168,1407.2238566014034
187469,124092,1653.1064420722041
59627,230551,416.2504075421368
173108,658396,111.91845158855708
280345,312649,644.9641821995331
537780,151958,851.1877238127465
792900,842353,86.32507701672614
249741,683627,7200.803389510183
109576,681692,811.0207893847065
994520,62959,74.17323338621026
676547,383272,0.0
387456,782278,465.3536554929089
381409,842353,150.46268472272652
22741,619680,0.0
978528,578968,1406.438463738781
112134,15238,936.4988481245707
916590,19394,206.95670964624122
200749,652478,3005.428394408615
940045,50627,2774.240174390595
457741,82472,5119.554559660972
999975,337273,635.2836323134644
702113,124092,4015.081927399394
445459,617660,2335.499936919211
560178,347465,2858.316500489807
927331,950005,1746.978465003082
208224,837231,0.0
183541,268162,0.0
572310,586320,0.0
413789,156463,108.96215667331785
272968,853711,1318.4034997185458
580758,579967,1330.261460653057
971290,15238,1024.94476515951
428585,134783,0.0
127409,251377,703.3917238477652
772157,124092,9150.698583511263
300804,493058,0.0
834971,761992,0.0
146170,772796,2029.2123573511858
596916,442180,395.86255728024764
694461,833579,162.83139819843757
687395,357060,0.0
226076,546334,2206.6038602058275
878123,50627,0.0
198694,397791,1124.5188772407507
670600,510309,88.26252181586707
469180,610393,0.0
572442,716602,0.0
237425,62760,343.68386772363493
999975,765421,0.0
826214,124092,1705.4514703556335
351038,682351,4417.670912977557
708871,358877,352.1971671642428
893916,464465,1241.8070774758257
202173,531167,2600.153826122976
40167,853711,2833.7794106192546
980347,13960,1855.8631379203493
553396,247498,310.6633751705784
845632,618540,0.0
386252,979791,1459.2226472987181
601817,843807,1469.930679659658
204933,27852,0.0
578454,231924,518.2204935086991
983979,79564,324.40470988896175
767217,752391,2173.2228940955615
178036,707607,2990.448355387605
572442,817206,0.0
508803,944806,0.0
217877,779403,223.97910839757276
860559,378771,56.99995815071216
198694,442208,2419.8754072515035
13084,944806,88.98039302518089
994931,220331,0.0
489729,629128,0.0
564202,429117,858.6211674453842
617317,902478,375.41173409720045
452902,449058,0.0
820777,417293,681.9909651222176
784451,707607,1182.714494373957
509937,194983,510.86966578565557
518921,442180,1010.6082904458151
316303,442208,2166.4181743556433
583366,322141,212.79034965624194
500846,404332,204.91666105867492
921349,593896,0.0
589816,200991,0.0
838702,892846,268.27307328220627
777914,945506,593.2161394996842
536265,622212,0.0
617317,481574,2000.9625479692456
834971,500298,165.06981377341606
991163,825117,387.4061837306875
235413,154970,2220.286622440862
485327,563716,242.9192611040332
143176,880878,449.9309986397064
104494,493058,2011.3620242160946
846172,958530,523.319598073627
183697,419839,1704.881652952486
208237,984203,705.4689841539869
182917,772796,294.4557303068474
307836,578968,67.46788538720614
21485,697735,1418.246363831151
662733,263311,378.9360264626326
633800,960493,119.47070387453832
804583,59550,1037.7287416634103
239119,892846,704.7300077996982
387451,341932,1405.6486538840477
365616,68758,212.69341472952163
173108,530577,541.9417712345861
867717,776827,1178.168511464831
300740,810856,900.8550941262267
405415,166932,1944.8481984360158
150265,122935,1067.1331119160677
226184,193033,0.0
887167,62959,297.5528109049214
533645,936020,1954.9770262495128
320505,357060,126.00115141404817
921500,849673,102.76031490294667
548221,610392,417.1076108245844
368452,467096,873.0809944874954
363878,230502,0.0
212256,284898,1783.5963702179308
980347,419839,2237.570802394944
943078,974267,637.1460405123381
779163,203088,1706.1549223327238
757708,528099,560.5395855826774
583085,6139,683.3613219686955
30727,217762,985.7120531400142
561339,887902,51.71436917651539
909495,693469,275.38865503160775
374572,134783,71.4152652008904
884287,134783,0.0
901815,155818,1308.3195374849615
477165,926341,866.3710117299146
721041,292823,4509.272881023886
68322,45981,0.0
951876,263311,374.6265125634166
875919,772796,0.0
632109,364227,1936.3936730538203
773773,885751,0.0
956839,11502,1735.8895746831595
301337,361613,1389.9860524632354
675367,969697,2853.02771696744
145284,379168,503.35024708920344
858239,222168,95.73947885617042
102809,132768,143.5644209316253
136343,707607,702.3806066272067
873129,720021,717.6111082775234
743325,166932,964.3415001401876
344387,322436,1202.6102447148846
280445,361613,1752.3758990478357
83556,175115,981.6782682309656
220518,362489,116.46531608549711
185706,944806,202.03814058658782
750533,768391,775.8193084605495
834971,733338,172.980810521261
107122,33540,0.0
757708,828986,101.11003208622742
879323,417999,599.3489190476716
185706,85370,703.8933114478793
387838,358492,1045.504849280806
152481,421381,0.0
435311,530632,84.32956391511954
385467,890771,125.343428995695
890152,64135,1014.3021656913438
909244,838276,131.66741819174496
749597,811014,2386.984854673567
833025,299199,505.77557353259255
515608,701088,468.2428851615955
194857,449050,720.0911882968709
617795,481574,2605.7356996972158
584862,681692,1286.1519617810472
890236,912312,1197.8237795703205
749597,311506,2024.1890290820147
217484,121800,880.215082544514
546836,68758,0.0
615851,720245,402.0609954607085
202173,341932,409.3875477274448
547245,337273,832.9817758470668
130948,648801,454.12042865778653
24807,494777,0.0
819064,22989,2068.398944442486
499564,706119,790.6369222234616
310461,531167,5338.562995267825
676547,982698,0.0
405415,352427,1952.897043720048
625230,99737,417.4811760031882
308469,510343,348.9295743443419
609299,203088,759.4270910579797
51230,817206,266.61147935798033
227356,361613,1451.038510820049
824555,639983,699.3698150351433
933875,807942,629.1172908469764
208237,172260,951.4691979498026
782910,855224,0.0
510562,22989,239.63578972143935
917325,768391,0.0
425517,508949,843.7212784409868
223302,513102,0.0
233229,543648,1111.2008290509136
307077,222168,136.61011077340845
958627,890120,0.0
889399,461185,1125.4872968134334
749499,767751,0.0
46049,789786,1344.5117982701204
137040,720021,4391.464119099552
88225,626986,524.7261396661787
788474,207572,51.54298615625305
120748,944806,102.1199745850721
455432,280800,423.5282571262163
798629,501406,1681.3653578021026
856725,505424,639.8593902936575
694461,365434,0.0
569729,947182,629.8612050492834
444135,337273,1261.7398602559056
619849,915961,0.0
377319,944806,54.46163225835119
550427,720021,1163.3764769483207
51230,853711,1889.4658984765833
374572,656648,0.0
12180,34924,0.0
150265,660174,527.3059982197633
227443,166845,1534.1133743996197
314004,332403,45.042802361911185
135153,493058,0.0
91355,71619,648.1661619853667
301186,361613,3604.6526010845773
195691,853711,1463.2800162718186
174752,969697,3028.7687008698076
336630,717014,88.78623866765577
191061,896897,0.0
602086,955087,542.2263989493522
992466,610392,0.0
633398,959822,292.6367937637451
655693,419839,502.50533527477245
572310,467336,2115.39862412693
993698,845427,726.4704851979106
12778,508949,0.0
370851,81586,876.4505078940782
568086,733553,823.2422682848144
101403,810856,648.5307497129427
400288,127368,750.2260507943907
202214,176088,3082.8680917730876
106743,272463,1373.1249244299374
117383,426319,131.32938403462475
804132,163987,138.36048178207795
233136,745054,1353.9685861655898
103719,595651,1726.563672243176
857999,205688,885.8050308401943
522992,285685,354.8776678735238
830138,467336,2674.7560289583253
387451,950993,790.4703096084387
992466,19394,0.0
593103,427016,305.6346946803916
784715,662929,1634.8208510892139
125115,357060,114.24939732973868
523601,327235,1623.7900210963835
249667,98678,1603.3502051226349
908195,158535,618.7154986586087
179421,683627,3196.7471226153525
725592,313536,12.219186218243422
235413,59550,2368.3992366588045
385510,560212,3946.0616207177995
495692,139045,84.02421322647788
271278,490812,144.719217969485
887200,429815,4528.9498340628
169645,343176,0.0
983674,414172,364.6708997754205
889399,111351,1248.1527627769904
729972,361613,2452.3278536953826
980347,197651,1976.9910936715994
213860,356630,0.0
685438,918042,5816.993668076073
173042,466431,1033.2187609015716
454428,354754,178.21331312196588
385467,298381,224.73465300726167
590674,760269,0.0
567216,772796,82.23947302616473
40413,313852,814.4821860790241
279138,337610,96.66171976619842
135153,853711,1702.4277408675232
143176,878826,533.9211474244319
871393,918042,3774.8841185833207
25383,765421,273.85152019809243
779448,467336,2046.6507270280117
113887,831838,3646.94946744624
70420,417921,194.70840380352325
154186,719321,0.0
583085,419839,1042.3098881846352
179421,325135,1720.7008071160649
872280,203088,1899.7590734155242
753692,660124,653.6802858314978
544870,298381,1159.974477837896
326381,21244,724.2192755812624
212644,865987,685.6464727368151
398903,628744,1861.1897503598052
939109,375031,461.8481584492414
435858,244124,525.7640051510117
915822,610392,1555.9838288439232
617866,740537,0.0
24901,172767,0.0
472016,158396,619.918695513569
117648,85370,1796.223052686392
956139,161470,1160.0708781649819
101403,634974,362.28555246776716
921349,600576,108.37824828847602
784623,219307,882.0643311118826
909244,166703,0.0
662690,880536,8163.249301391468
275713,974957,74.55361315960921
674371,865987,331.67585726678897
550465,30048,0.0
987042,956375,2499.1309724534067
994374,563793,0.0
264895,230551,20.460433547448844
132271,873407,533.5735642635666
497095,175115,123.96902089689513
663510,324722,0.0
504078,712748,1226.2520083258041
166107,404332,0.0
580347,467336,3755.8928128135003
349749,120514,158.09991189196577
314971,121308,2864.6668198019543
607890,843062,0.0
738689,695522,0.0
88833,369424,775.1956814364396
927331,81586,2427.52777727091
701078,676985,250.00306774415947
798629,720245,2550.30571396965
98220,940359,0.0
12494,169708,395.07115321209716
890236,930630,482.4444001301645
14468,675314,0.0
92970,697735,1872.8592654239653
830138,442180,1208.511152256618
705632,569289,0.0
857999,569772,645.2136928690227
534751,853711,1865.3916871160172
506480,247498,1423.0060797555836
322877,371227,0.0
235452,359220,339.8637149127902
132271,138281,445.43182218238843
134594,46696,990.9644105348966
441435,682351,4377.710753360202
558817,528099,708.3482512478294
15762,189673,149.5332245207631
687155,823729,1206.3169823521316
531278,830826,0.0
145284,790991,0.0
954515,845658,2679.326499240861
178036,181501,2013.8137639005945
995474,843062,1059.302795464212
778023,882140,294.427461536685
700784,606225,3500.8303290986314
665381,737971,43.11751322410237
541390,134783,184.74582577569652
198793,322436,0.0
326381,610392,595.2892881776885
770147,133305,0.0
933424,780093,0.0
886557,395742,4535.6587079312485
402936,913129,995.9916399135691
189623,467096,417.10393459123526
74017,482465,260.8420143315086
71369,728573,546.145112443033
991436,916093,4274.363213257147
583351,161791,1381.102064167715
46049,956375,3242.324166157672
613750,513382,184.36157473192355
527585,154970,343.7562283288608
770147,842353,273.0093562620028
951876,211286,62.108894828038466
959850,580997,421.36832186447657
837400,809762,161.81301564753963
798629,124092,3254.6579465154427
508580,442180,653.8105829523714
225106,589953,40.45758722252977
875987,161791,1848.267355848458
144771,181501,172.51143792528828
476123,197587,0.0
872098,173540,670.7469986382921
821622,991841,3099.7268863152804
153473,11502,1254.7250001858745
819316,923116,830.6960631806847
485420,653526,4495.880368775241
749597,968423,2306.122494532614
589816,166845,0.0
88536,90870,134.0174901659055
492335,313852,2528.2973511437954
764100,66853,8.414840085609022
421038,6139,333.2882838705993
965592,835492,665.3883493286302
909173,576534,351.6984533689375
836445,714905,1432.4878969432007
72444,119506,148.60322915648925
454933,19394,758.1990617246664
498989,158427,651.0623027417784
918090,720245,236.03250950563148
855085,644221,835.8025768866016
875987,755701,263.9268301597668
425517,419839,1097.8734233201722
160199,671635,173.41476970565859
590674,239589,0.0
399905,133019,0.0
699658,178147,533.5878407465466
599046,825117,61.62374577993609
263144,558834,440.4213285361355
940375,359220,719.9616906510303
499932,865987,554.4132993495166
457220,984203,2134.547965097597
352318,827034,0.0
292139,327235,754.2148346913888
718042,918042,3842.405468448264
652344,412048,553.8637850648817
539688,716602,1409.0970895335415
569192,657582,330.29805491514895
589614,776827,523.0013188729856
792900,550395,713.8176719771722
653180,342381,111.8830752761358
904490,134783,604.9813766158574
55408,538378,3816.5901345120483
220422,837187,195.26652843100112
709535,950005,0.0
417037,392334,545.4116490135768
88536,742056,100.60920853682015
12180,600576,208.5743471086946
264058,740213,313.2207591189964
23921,689022,1334.995688557025
339740,885378,233.0946070413595
594395,134783,0.0
748640,92270,3971.7995865482985
517910,209750,259.87920769469986
446114,181501,675.9157426513113
705897,430960,619.7360757294589
67558,395742,6079.248402035666
439346,343176,501.1704282408315
828331,161791,1715.4757330999937
892491,200991,362.79556343332786
931169,298381,1423.9344314956707
189623,640865,370.62441846312305
397925,404332,201.96112236306058
956839,731646,852.6365031234883
36970,660174,712.3833820659777
106422,559634,301.9664008496379
141927,618578,530.4846735052381
391289,955087,393.8126386328477
263666,689582,0.0
12180,600576,208.5743471086946
489729,850645,63.584703734746945
789805,652478,273.2328065355318
491298,279434,35.96509960443126
572442,337273,787.4419215202647
117648,660710,1371.6369040697232
280989,414172,0.0
328887,90870,0.0
317525,132660,1.331859490179653
322417,935585,1698.027521349741
85151,785196,0.0
38878,918042,4348.525351134744
731718,232504,878.848992366176
607020,107692,340.137560407336
403396,618578,0.0
920883,354754,118.51644020216152
98940,366435,838.664432457957
229536,212366,649.5217562435589
12778,975724,87.60157175649869
509937,998913,135.1729364276536
784616,3894,456.898905714343
877276,668467,0.0
784623,352427,1133.998263563019
632522,742092,514.472870034559
400288,222168,752.8115556121405
382421,209750,784.074032797138
669256,442208,2548.3784419797657
805478,683627,2753.0882011750055
199575,850645,1483.4862401822309
429368,212366,34.62302604656432
502855,853711,2924.316796233642
679107,384028,0.0
55053,895595,49.06003981561378
675367,361613,987.9559374857969
672075,429117,2827.7210495541613
790888,168040,3497.692280593913
927331,109628,1771.2681120777518
654489,202503,407.7870533351935
139237,354754,0.0
152478,203996,49.74640145364509
259799,710003,578.2386027970738
8900,964047,0.0
920883,660174,509.2693351590384
55408,682351,7798.712894865572
314971,720245,3203.6871412672135
270111,415782,718.2367076601547
705632,569289,0.0
118488,752391,0.0
185660,866793,1022.9889580706821
72444,890120,0.0
30144,712748,1070.0673490271677
266071,28920,0.0
984969,252161,0.0
40167,311561,1204.0228623155722
173042,601908,1046.7488775096008
102901,543819,311.5273063606985
390708,845427,216.62720151857806
30727,20945,888.3646116514608
143176,78544,1565.268304594863
709789,958530,1389.1897994534922
160199,390190,160.28193605176466
960206,85370,553.3462193996229
161042,962732,1627.094952291371
402769,926341,274.6082596645492
202335,617660,2689.94688127487
642482,246334,652.8021639315481
519266,63682,4462.072311794828
312559,913809,312.6640949803938
238972,950081,229.65350916908477
325302,155818,1334.128186268904
267531,964047,613.214667611116
508406,312649,780.918622799303
960206,745054,0.0
994931,814246,0.0
820860,839911,377.383519363252
32806,940359,1025.6424156215098
424504,546334,769.1499071799072
314004,442180,496.6014262636013
837172,442208,3557.152234227893
393604,453204,149.0425000672269
224720,95297,1908.6426366860142
695893,670344,1445.3512789206354
393955,85370,936.5531084406908
367242,431125,54.16002953798028
711400,887902,911.8667681302113
484907,265980,0.0
646566,64135,1371.806789995063
102625,24488,4038.792820557779
888088,676985,127.35036996616407
681518,821099,576.5113561707971
749499,230551,193.46708391824555
728367,322436,0.0
787676,672235,0.0
978528,429117,1197.6180586312848
677025,508949,0.0
91756,785679,627.5088972349486
549525,853711,1824.5282095284108
787417,359964,1012.7669477100089
923619,270910,674.8438686867572
400867,528099,484.15639753655717
737755,957839,0.0
74425,589532,1226.1427750232092
568086,936020,0.0
890113,853711,1131.4569857486977
235170,569118,0.0
536265,528099,164.07142240409507
530390,866793,478.218320537983
977079,313852,674.6247642376819
389769,875119,324.5911836856217
428998,49726,519.7814132723556
97664,821099,588.8365621817112
575204,252161,0.0
699658,528099,928.8694535188865
791435,70231,0.0
846009,85370,574.0273312179415
721150,676985,394.02780598236075
275713,111351,0.0
194857,412048,1237.4122422190396
170550,402992,1410.7450775007394
723044,417293,1528.0687700437359
754834,244124,301.40687632716435
822352,199701,659.4140359677481
235170,352075,0.0
177443,964047,325.9769518005804
969286,64135,1767.1389400500366
987325,181501,4199.021310994642
617846,828819,3457.218262632349
33121,80605,539.4909088424035
956839,11502,1735.8895746831595
367802,265964,751.7000979341683
888088,404921,0.0
520893,384028,0.0
809698,442180,772.2980265266687
165614,175115,35.42135693252146
736141,831838,282.3307148448623
96798,807942,0.0
973459,352427,1215.0137948399297
237425,157172,318.186392678505
809388,49317,538.596356590079
545414,498393,299.9969341772473
208084,477242,278.4718032713001
994374,701088,166.51777269702177
572310,442180,649.1537474252227
640518,59550,1465.5738727620287
83635,637840,728.3917313439646
144562,173540,1385.5433007185784
776400,378771,300.39887994255946
16583,528099,584.9710828369789
190904,268162,0.0
893916,124092,973.7397457269911
179421,926341,1546.743354767791
701078,110225,61.125176337563744
202247,467336,5859.729708059643
930675,133019,12.763522569255173
852394,85370,2210.3514611327155
177443,746858,310.31757222826616
562020,530577,1351.8844012325749
197033,748799,2047.3880135389018
82245,853711,1408.665534288888
500846,359220,223.3024018961694
413789,325135,411.9862407184593
879323,989717,3647.2980544738
202214,779403,3460.063012364205
130226,617660,2230.8430337201403
271278,15238,391.31481537998985
994557,134783,356.466189693254
227443,120514,1559.0558676176477
85436,166932,85.79606388188063
430771,40691,1401.189573349965
800567,313852,1879.114735732917
594595,272463,2265.772401629686
602238,838905,1434.4230028467514
808515,706119,836.1685528193688
412878,311506,0.0
187384,698235,0.0
356813,25918,6849.643909222663
984969,80605,0.0
416960,252161,0.0
40413,419839,785.9648010134565
502855,936020,1025.319692821499
844831,34924,990.9603708956153
949563,879164,530.3206988125924
50105,543648,342.4214167588166
152481,610392,0.0
434435,785196,0.0
33464,845427,172.18887681844384
948668,30376,4.848263426160514
778579,957303,207.11859184046915
961715,161791,1436.272178948896
873523,352427,321.10318930594855
578024,353431,226.22442894471294
304321,853711,1615.7152812086456
791435,103828,9.546921395949255
417654,64135,1415.7328150834649
749492,64135,942.953672324874
185706,124806,0.0
350827,277274,0.0
51230,634974,177.54048281150608
399905,203088,1166.3864420021457
857999,404332,693.503254890632
33464,303562,116.55504188855363
184614,977586,616.6434937417471
973459,166845,1067.7157378645043
377658,668467,0.0
704863,578968,175.92529937537017
633359,880878,436.3145111812682
235413,209750,2751.119248734594
465371,372684,331.55521701737655
98667,207572,216.04439286756792
619079,158396,5878.645668326848
233229,768391,709.2258937129843
845529,63682,3812.688329313749
322585,693469,549.2613094210955
277054,405050,118.95973046790286
88833,744225,759.53404857833
46456,914322,79.5359994143397
15762,668467,0.0
647391,657859,858.9271508651532
239727,683627,2424.6163516504457
501468,879164,339.33774073943613
642482,209007,895.5636998334612
3028,209750,809.6205724427573
212710,90870,0.0
472016,28920,518.1270920655711
166292,530577,1029.9639045863025
633359,191894,394.1828783155565
277054,133019,0.0
835622,197587,0.0
423178,667537,131.78100253481622
259639,974267,0.0
845634,419839,392.0115799578585
792165,134783,0.0
789430,155818,0.0
277054,343176,0.0
214829,191894,425.8041164667605
540926,279434,1396.9488702103736
857941,706119,490.99346409923965
764096,821099,723.6483137671482
834971,733338,172.980810521261
14468,675314,0.0
912908,493058,285.83402540371804
853921,172260,930.7959724494674
164135,337273,1685.6323778058018
469062,129281,24.659942104660303
416960,166932,232.88484700911647
45937,904169,411.21199896278654
834376,169708,1645.7310646179137
909173,175115,971.6081462198381
920883,660174,509.2693351590384
965592,930577,0.0
406426,950993,0.0
103910,7391,0.0
730687,133305,0.0
629573,116583,542.2051622549238
277054,956375,2186.8054625052646
803618,927649,652.9438172726201
275753,390190,0.0
680728,71619,483.33469516240814
676545,419839,996.2071544380449
821622,665171,3238.004425584852
342670,947232,1665.309973351271
494923,282435,1928.494392882107
6135,493058,0.0
931169,473976,857.6091537910315
655693,85370,861.066205316918
492472,64135,1062.8290055385892
364034,842353,491.86818451842544
25155,645622,0.0
677058,720245,3032.4661936706666
422091,112277,474.7506350736422
170550,302845,1243.6096468687251
402769,175115,595.3053135647956
454897,516667,227.91206442935055
824555,28920,560.1213311995094
971793,765004,20.58183033360524
292771,124092,1177.6340888085083
103538,357600,561.7961724891691
124877,440242,0.0
706244,614148,544.1603785073329
88225,361613,1692.9790856503798
699074,541838,17.020918213481593
459393,251377,0.0
607890,95297,1437.5040840587722
369563,839911,0.0
421565,134783,421.4592797560114
72738,9090,0.0
396793,169708,340.92700478879664
594595,442180,1425.199489547193
971793,810277,340.9459697999813
445584,124092,1650.1538008061298
189623,442208,2291.2360404357705
617795,830738,713.0227029748511
896821,576534,522.6192051586341
743325,671604,965.0050034685589
960206,357600,0.0
49050,64135,1399.7454810630793
141927,618578,530.4846735052381
966008,5626,2640.675904314534
269980,674187,412.65213631771377
402769,85370,910.0191242844733
370851,943498,176.2136623437032
625230,676985,433.0100649752645
995957,853711,1553.6085302814543
539688,707607,2484.891563965297
155813,866793,7094.222476263732
144562,158396,1249.0334735433644
50241,608480,728.5451810730672
504523,342381,117.44834898090602
757732,337273,2635.3086904413703
548221,282435,1778.7213696328809
951876,693469,855.9988866758163
287882,955087,745.0494120501437
890152,879164,559.4446950383515
320710,322141,739.7227035727929
638857,369725,480.38974201837476
546836,218845,0.0
502818,660918,1110.8486679496766
725812,753436,2292.158744377535
865119,332403,1087.3884925691434
568086,532822,0.0
620868,433133,2305.281456976184
132031,555325,1234.6690759201626
778959,332403,0.0
33464,750287,25.48012900410822
382421,270910,210.73065659398563
638857,845427,569.9066835854069
687155,158396,978.6748244101093
252634,21244,1640.4000000855642
259639,503267,0.0
663510,676985,511.50775982335153
854305,303562,26.330678651020406
30564,812449,24.030716320390127
249741,683627,7200.803389510183
204172,347465,798.9442305931709
91419,208721,677.9266612883687
749492,158396,179.17400272591897
713644,175115,556.5161665294931
196165,358492,337.074227987997
411790,220331,0.0
929711,337273,2334.298209841294
484907,134783,2.769127891529692
568086,576534,0.0
889517,516044,229.63013009556533
559248,429117,408.56634870459425
497387,807942,451.24211602585774
341782,633474,1795.539804408893
294105,546334,803.2611111588515
651183,974267,3413.878976092071
983674,196949,1096.8242851597747
10146,644221,374.2376143170282
835455,618674,310.9042100669329
459818,652478,44.10654650838734
751455,712748,534.6979254937438
269328,567422,0.0
499932,892846,836.5197915461874
179421,442208,3455.646113529546
758559,516667,178.33095564689683
742254,208721,367.4249375443396
522992,830738,425.39386016001185
518921,962732,1198.5947901194177
593103,765421,0.0
85752,577053,314.54202363236084
149654,550395,922.5268194511443
965700,475471,0.0
84439,530632,1030.4749201273212
663510,528099,674.5539397135027
888300,923116,797.8215500055286
648669,660918,0.0
685892,442180,459.4534058080827
877034,263311,170.11354737339485
196145,442180,834.1554480927232
165117,520816,318.322872061236
166694,407954,121.56903128009616
709789,124092,2210.946060766678
452902,442208,1725.652331960503
49766,880536,282.23309459934967
90694,978372,0.0
582638,978372,577.0856280355845
548221,155818,687.9351918686848
3859,107692,162.0753172040607
33464,71619,128.31946410977284
460157,64135,1567.3901136892646
239727,567422,709.8810758163152
253537,936020,0.0
567216,306419,230.52379760514708
807227,15238,6208.874553863782
614445,731343,1114.6825701333178
690769,172260,487.4956062356929
541424,465904,872.0210321224223
677984,222168,70.4630621521643
103910,858686,0.0
617866,175115,0.0
278830,449058,49.93047172524025
711678,610392,1297.4500638978534
541424,950993,694.4838589897122
552585,998913,0.0
59627,322141,483.32610828689315
821622,695522,3453.2632312765068
470255,510309,0.0
514757,90870,487.136250064652
945089,634962,15.630026767667744
184614,297030,347.4381035405696
713609,62959,549.9374185005562
856725,134783,592.779774897123
914075,205688,125.64080070240368
826214,701088,1038.0409246366448
52457,175115,916.8366507518981
952776,361613,1635.0947077271685
433030,54879,130.04973036718553
583366,24488,1723.8778272650627
528461,866793,931.5303640788652
364034,841918,658.7518555272605
296676,163987,496.74266944611196
142118,24488,4129.007248790214
180375,122935,2390.953924550423
588774,880878,557.0275594786062
13163,668467,0.0
399905,103828,315.2603835071023
319372,397791,2828.74813573699
687507,359964,0.0
763494,142649,808.3945970160661
208084,285685,432.0397641821206
258017,442180,669.8896448494788
803618,668467,1330.2495553105837
275579,62959,1980.7142327122606
968045,332403,725.0703114929139
483556,805598,1253.9965319732905
779448,637840,456.80142263709166
145308,516044,2600.846513004117
939428,18383,980.1536512281862
252585,194983,529.0772698777017
305246,156463,848.4561334585358
803618,429815,2412.7043358410365
725592,710003,286.1103574133825
339202,737971,192.03022076226898
235126,322436,464.7351280478313
28913,13960,203.82846756276737
364412,681692,785.2517974713536
653180,176088,0.0
994374,412048,362.92916911489954
878123,955087,0.0
617317,203088,1091.4409698724942
553396,490812,199.1133676617116
469487,361613,1721.0608101458754
67558,307791,6462.180522315951
278374,876369,0.0
700784,461718,3337.7256165763965
623472,175115,606.617169060658
320710,266291,0.0
702370,940359,666.0385912780453
834971,309284,0.0
962823,272463,1614.1321840236496
142105,619680,527.2444732521061
100501,807574,629.4698843943023
18043,858686,0.0
294105,923116,885.5682911550045
87420,720245,357.16581910648443
499932,955087,767.4521934734877
940285,172260,1933.8510595766027
789805,577053,275.37221178816856
134594,964047,1535.5053440271886
500189,389719,629.6919510544825
526882,878826,351.4687101425663
640827,21244,907.4605490694942
580763,259282,605.3781660861889
926638,359220,11004.967273150904
807227,67592,5338.264196568631
280445,203088,1660.9182738864515
724664,25918,507.65989787375605
106422,349340,47.016196818309965
224720,282435,1466.2564348487444
18043,156463,0.0
308469,539831,466.4557229436979
523601,203996,969.7364712134959
783758,545918,773.7526635904045
212710,97764,0.0
731718,760269,849.034503549725
736141,62959,369.2052346318139
694461,365434,0.0
235170,421331,0.0
236412,173540,600.7687199315543
772279,71619,1714.9387876595188
914075,110225,51.271724917816414
5795,268232,643.865266655065
68228,481574,2139.2359256860705
17887,15238,28.612252375693117
469215,194983,950.387242449902
862531,397791,641.7147076416372
680731,161791,1851.9473998412834
177443,203088,1337.5007621570064
503376,843807,0.0
933875,614148,1386.017729144793
241456,13960,517.9647951572153
239727,168040,2162.708500957439
902967,323714,297.64015057787384
960230,680503,473.68055929916767
760280,166932,2659.278671010568
900354,33540,79.76701424332408
984969,76710,0.0
387838,765421,612.5425108312813
225106,567422,1.1978350147091987
405415,199666,1727.182545682963
415685,289302,2202.8939028308982
802814,528099,1284.8914998232926
873017,361613,1527.9415767259975
718042,134783,165.89194224451307
190904,384028,0.0
351902,175115,457.3516360719731
974428,107765,151.34576471233748
9421,861245,0.0
32806,427016,1264.1540137900129
52457,219307,510.50493225948793
637061,354754,0.0
767243,810856,656.2331717849476
220422,885751,0.0
93095,217900,221.8565124899361
213799,211286,190.41521172870338
505547,837412,930.7796670602642
729324,528099,762.4603520899319
539688,918042,5285.251938468849
835622,695522,0.0
519934,429815,537.5994106610584
52933,217961,931.0441939576474
395918,792241,57.49297294698948
360936,354754,0.0
846666,614148,116.02998728924297
452902,404332,0.0
517362,707607,1407.2424588045494
891512,244124,1335.1905710205765
862066,853711,1619.7306584041914
461869,701088,58.61077170585975
606750,384028,592.6045707414486
485327,841918,647.5717586332044
50241,431125,0.0
383577,617660,1629.3379513929299
38683,43041,1132.3005629911593
593162,453204,559.2777121978264
90694,219307,0.0
726374,254605,192.24928258106567
983433,467336,2281.3459720956375
831804,444328,358.3021809149232
833800,359220,36.65569082384471
402936,617660,2756.6541817498282
87420,720245,357.16581910648443
898415,22989,109.02378416818343
983979,614148,781.8925717489732
804583,143052,585.3275315897893
916590,250431,0.0
782910,134242,212.9719578082034
472734,453204,1148.1993358790025
72444,324722,0.0
614445,693469,1451.685273619008
943078,266516,279.55440858360834
980347,945506,1728.3758417067493
257737,828986,0.0
984969,62959,0.0
336630,7391,0.0
943753,701088,616.4366408705416
240589,134783,1203.9015726253797
68739,178147,235.96901419246726
933875,821099,1447.1847397874872
639932,175115,157.09531612556827
394479,442180,924.2545406258263
462373,407954,231.43127309734655
909495,617660,1401.8020634417003
949563,731343,498.68715862579535
377863,762154,670.8289741479434
385467,38684,0.0
170321,608480,1012.2073764773623
900354,926341,323.62041412506676
778959,712748,339.87438357572364
560178,282435,4377.9372913604175
820777,878826,584.4136321600859
960673,265964,731.8973942754593
886454,812449,138.66133053697064
562020,965622,965.0432874921682
377319,419839,197.75593307749722
675367,366172,0.0
387838,567422,575.9682115686354
767217,113347,3885.7027747816674
560009,706932,0.0
654187,950005,492.1669366057016
290643,416657,782.4257356825437
386404,853711,1597.9654316766373
55053,975724,145.98781474575043
365616,212366,351.6504981254541
640322,737971,536.2389579602532
573417,789786,2620.882608221451
709789,569289,1060.3688651148784
946410,926341,37.77001862669496
229999,322141,723.6011855915531
940375,689582,463.97872691642345
198599,306419,850.0874562970386
981277,530632,168.11689416303471
36420,349340,0.0
24901,352427,0.0
409386,181501,3707.6017278814984
412878,930630,0.0
112134,289302,2020.590985832826
675367,156463,0.0
975124,46820,1025.1309449349592
216482,631627,1096.022663589561
144562,577053,1517.4020966199218
254511,828986,514.3996606767894
960230,138281,284.41852042054626
380320,930577,0.0
213860,579967,110.95278888378567
383236,914322,0.0
905328,544583,656.1266813401877
21793,54879,744.7053450531051
322250,149616,1408.9190185457362
798855,297030,323.7903709863535
835622,138281,0.0
393955,978372,215.01196942020465
865822,417921,624.6511574857705
616467,516044,0.0
703680,46897,497.55718754130146
550465,453204,226.70831370377084
654489,357600,596.2392554182488
991074,853711,1481.32764327951
632109,268162,1773.2204179786736
596439,737971,278.0374956635442
865119,689022,2254.9079404218874
253537,947232,0.0
83635,59550,541.4660317140945
769063,834789,135.7953119395712
517362,342381,777.5958316145825
49766,64135,870.0034807254943
980278,85370,531.818208273154
511970,722609,0.0
24356,11502,1803.1178241805037
368452,810856,909.731136145809
656073,580997,2021.6138849509887
310461,589532,2526.2365448734463
367563,659843,79.44816495351444
391289,285685,110.43725817748978
976972,303562,449.1825912543154
510457,175115,1413.1461294399116
376613,384028,1960.3471905465224
789430,785196,0.0
226076,407444,1811.837048684016
755948,561941,0.0
511164,467336,3355.6967905632364
151062,720021,94.8818394714105
170321,166932,415.0620141730567
508816,683627,29542.945957342294
738689,892846,172.05415464973248
144771,244124,629.6258865189953
881238,176088,0.0
803238,977784,298.1510695843354
539688,63682,2526.84033202802
680396,219307,9.123212291903997
930068,882140,438.55840555927966
212644,432427,538.1673186013733
900354,419839,600.4704087028454
639932,845427,0.0
216482,39515,882.7149440844485
550269,181501,0.0
132590,543819,145.95563370935815
481517,516044,382.78322493768246
798855,866793,344.59433245533046
75683,24488,2040.8281273525354
135234,898797,1102.9511984787423
12778,577464,501.26548924945564
727821,356630,0.0
469215,107692,767.054611111013
820860,598237,469.3344345650517
142230,837094,8040.3129207894
715340,735702,61.9446643450097
39732,944806,3291.312376337131
681518,843807,0.0
277770,714905,361.7134019585801
396606,24488,1672.2380389632958
834376,133019,1445.7741671458452
504523,453204,161.51593484026012
544870,912372,957.2660626358779
828735,501406,0.0
196095,662929,285.1424001512192
342670,577053,2069.6544492578487
560009,825117,58.77277961249996
101403,714905,522.1370450193311
892315,176088,79.3680273895907
951876,784421,366.0229773993647
909244,209750,754.5536262640792
900119,85370,276.328279753278
584862,158396,501.0496901123144
687395,524197,0.0
609299,942223,0.0
249741,546334,6136.842739790929
32806,539609,507.0643830331609
978528,683627,2861.231786618145
459818,66853,0.0
837613,465904,49.57198051144724
749499,639983,267.47380610569985
950407,656648,0.0
735011,64135,1264.295732444341
779381,467336,2079.9988145745333
647391,795954,802.3353386074511
293697,68618,2064.445311909156
584862,809762,307.47028542696785
984356,885763,748.9675891491255
786116,175115,2798.7853839797313
103538,298381,866.371650726803
72474,259282,253.59009777047999
500189,902478,861.8492531477197
229536,107765,835.5586610362102
226089,508949,214.5113635350622
725812,972871,2142.429824060441
767217,175115,4348.925800551677
968045,442180,1176.628935394604
444135,181501,285.3492495775164
633359,301921,486.5837204688251
634006,156463,1053.2331870977355
520152,322436,19.332895150022523
275713,493058,0.0
879323,945506,237.47734433586473
275579,828007,1590.8223851751882
607020,178147,223.58924090857394
322250,772796,1321.782913072539
492335,539609,1754.2063693388031
226184,347465,0.0
898415,389719,245.26359603380556
105101,246334,549.8444949957187
204933,161470,1187.9966260368221
939238,603814,0.0
68690,683627,2232.697422891321
133694,88581,474.8745823436566
316303,285685,237.64170564884424
87420,257446,0.0
136343,2864,0.0
402769,697735,875.6602962178476
953413,247498,28.278653369448477
627954,203088,722.3720790702131
856942,30048,264.2161123237737
931636,546334,2097.1785511235757
711678,337273,2303.1616937747312
441435,311506,0.0
475415,73778,493.2439885036805
858239,39515,0.0
881980,369424,674.8227085243766
567216,430087,264.93903828300995
596916,168040,1336.8675849444903
18043,712748,452.23518148215487
525419,493058,45.108623773328475
110476,506071,230.34598337181603
991074,193572,0.0
278374,94700,0.0
308469,943114,533.6443620019603
555524,665463,1785.0320670224287
878123,508949,0.0
285752,158396,106.22484679774084
462373,155818,428.90709600572825
809388,880536,121.7437763384728
513869,731646,150.97538021209562
377658,689582,0.0
864274,417999,699.6037066058024
351038,682351,4417.670912977557
67558,957839,6452.257013443742
968045,429815,1409.4286250040993
830138,807942,534.9348388548467
824555,622212,452.93880993584315
21488,332403,373.31325907756565
601148,671604,331.84690585309323
140616,528099,573.5108481058709
183697,161791,2893.036755663592
200909,728573,312.33644221140156
932825,776827,949.4171776304222
443018,652478,814.907349765457
698431,323363,1586.232363848052
147687,894544,321.0409539828927
304970,618507,3869.595896782852
891512,543648,1308.4864307608282
825437,561824,20.715693399950055
534751,515741,480.5401740212218
964784,231924,462.74032993442404
411817,398431,734.1313472214247
1539,341932,1853.7363370295545
600619,799335,0.0
183735,974957,449.8384937543079
519266,831838,3591.8880573468796
459124,698235,0.0
653727,788259,655.0394339870105
114939,289302,1462.156888109414
219737,733338,350.92542421100313
584862,901795,499.96199531623324
983433,505424,365.99348156075496
138166,684955,2699.617209884829
583328,880878,744.8605685500445
555976,361613,1523.6065499710062
749597,311506,2024.1890290820147
456045,111351,0.0
363327,481574,1926.1751011778574
396793,30048,289.95526566221986
540742,361613,1942.9941319483682
902967,501522,0.0
255026,132660,224.62204156725986
33121,80605,539.4909088424035
328648,173210,520.2427690193607
607020,449050,200.70342495939516
68228,268162,0.0
358531,890120,1001.3481035186585
788474,276204,105.30349759505825
596456,665463,2346.0360309296434
500785,539831,0.0
307077,853711,1563.1656647912596
897590,878826,1412.1294632241932
290858,343176,830.8280208876604
200909,830738,478.98023198630517
656056,941421,2187.1656586798495
100501,785400,1508.267492627801
738728,498393,3486.9913316740563
640827,301921,1209.4382444441726
5334,325135,129.39943930600253
149710,46897,418.1209226845531
237818,736860,755.8681765935852
26577,228054,0.0
749519,168040,1424.1754874849212
826268,426874,385.0471057384942
455432,866793,469.10412983750723
235452,196581,935.3192106348396
494923,467336,2659.1151989905284
406426,289302,1241.336286175499
856942,708270,623.4298371838847
873129,13960,386.51883043982866
956139,134783,0.0
677984,124092,1048.3493477771951
748398,325011,0.0
606750,634974,530.0281526215476
665381,417921,238.59084102358207
751455,272463,1258.6072043081654
73080,765004,783.2293132190912
98012,498393,558.5138846839186
455432,720245,863.5640890050508
303118,308431,0.0
60438,464465,1545.602555961775
502855,48739,1359.494208380857
681584,322141,119.45774260430667
662690,425848,7731.198184929719
742254,681692,922.4239707733169
302297,799263,148.95231675138018
164135,76710,976.1574065452335
295548,62959,0.0
49050,121800,925.9578072221308
46049,546613,694.90233605515
330908,429117,51.21404318482283
200909,546334,1014.38086777317
801034,581871,203.62208024046743
716303,950993,65.76796708852407
751813,337273,1371.6179869744005
790396,742056,0.0
192054,429117,703.3937508673749
626453,368515,4754.235370052321
288324,558292,739.2453320913769
584565,652478,1011.2306713326457
198812,289302,1267.89717295451
363327,343176,0.0
176789,753400,0.0
379529,48739,0.0
529359,95297,1760.2215977869773
951876,543819,340.5254738914276
428286,59550,832.8687574536465
952776,662929,784.5648364770511
444135,353431,528.6402747048119
888338,964047,2648.7609593915545
30727,217762,985.7120531400142
691588,427016,275.4410797681371
655693,849673,418.7265088183059
263244,826122,796.0131270338305
119426,853711,5742.650928682433
912908,676985,881.9183066127769
812593,235165,311.87641264548137
40056,158427,744.969172264784
303215,998913,774.8596711451323
195074,419839,0.0
871393,203088,1181.3008330860246
406426,64135,812.9255695377637
527585,352427,521.6073482345471
468051,693469,1089.4824431908562
299012,79564,376.99462382945353
826214,845658,796.3131839950809
771079,880536,0.0
501724,430087,124.1477656942653
522694,516044,3326.5733711351904
766406,956375,2253.5309388321
652162,731343,563.3003610686822
42287,59550,104.25945388011735
723328,257446,0.0
521751,417021,0.0
356813,565101,6863.167917098864
711678,707607,2303.4056745833527
843911,337273,529.5581620686418
65347,998913,202.40419871901764
768985,85370,738.0975762158603
927322,397791,1854.6808376046301
514757,172260,896.6114561094914
904490,85370,1289.4885809751795
29341,850645,2199.6807432879277
255026,880878,429.3615045460313
189623,206481,385.1055448203696
783758,870565,502.59287949736813
146170,404332,2212.470026748113
492335,530632,2380.4609231329314
151121,494777,0.0
718042,282435,1397.7032420675087
198916,175115,247.10943715483518
731718,68618,1346.0765385295974
596580,672708,0.0
751813,332403,540.3374214108433
200749,283094,2867.435784096595
826214,668467,254.45552432237326
798629,947232,2120.135014966418
483900,212366,92.85562349434261
694983,690691,0.0
5795,603814,359.6035168698286
103652,841918,1021.9715284510145
662733,419839,472.9823670243448
909826,926341,4351.497888851202
716303,244124,421.0034710735679
758559,124607,0.0
272515,124092,2678.229512583851
809698,357600,233.00996464809526
32513,498393,389.2676722550064
17887,378771,0.0
529359,412048,712.5530311676139
446114,124092,1873.925266780136
360729,681692,778.3493280545626
691588,657582,145.4794618449203
726374,682351,4641.3108285343005
522150,639983,358.1979597940244
495790,176088,789.9188146220943
698971,191894,1325.3158269494804
845632,913129,1.9714099074871285
46098,896302,0.0
996946,256944,4886.320729602718
275713,550395,1025.9535657792994
428998,608480,898.9095120636889
555699,251377,0.0
777468,45127,4637.799059029283
312559,362489,163.31280526270055
790396,112419,416.1072564749595
764143,914322,64.64770031307091
174752,85370,673.8162598796475
398903,161791,3299.5412160206292
104494,962732,2927.290904378365
454013,535885,210.45520663509802
790825,159780,27.951668638507748
182339,643049,62.17173668056341
596916,357060,70.93036301922993
382421,231924,764.0896248879342
292139,289302,1359.1270931672339
893916,924533,0.0
535801,332403,638.6964649544458
784451,359220,382.46562188978305
187469,660710,815.4994134728445
351902,181501,0.0
476123,25918,1461.6762767485018
117648,467336,3074.1479542584866
508580,728573,90.7183860285996
46079,528099,432.9411393772349
680731,618674,612.9929915484577
263144,197587,0.0
456096,454172,454.12915223701816
434435,43055,0.0
930582,491725,431.77818896387896
469180,342381,264.5918719705133
723328,307791,0.0
101021,682351,5254.204086494807
177443,464465,1620.165937541399
104494,366172,2062.2268317599815
932825,417921,863.027342002448
921349,918042,3265.9601465511337
5334,375031,0.0
360679,765004,77.8677923759758
889517,159780,203.53713110749325
792165,617660,1478.922408691346
742254,64135,901.101368703539
295282,245332,0.0
548651,175115,93.04145307855072
325302,996452,1398.962205773604
220422,898797,77.50653456217628
582638,87843,1009.0341475028877
781590,34924,568.1700606874384
781590,192063,678.882339227995
881980,797471,333.45793286696767
519266,63682,4462.072311794828
917331,842353,1504.2483740844018
338199,616925,1688.7994384849658
536587,199666,0.0
674938,127368,138.13467178378207
826214,285685,637.1460158079744
685281,306419,204.27398670457063
145845,357060,205.55470626336214
555699,175115,0.0
846666,913809,0.0
458072,68758,459.36604583964316
504523,134783,0.0
398335,493427,1939.5033824369573
166292,558292,604.6479188716071
550465,481574,1928.5860221373916
197548,354754,0.0
179421,810277,1677.2023985718347
889399,156463,1299.8939448193194
853921,103828,907.6141052072212
157559,272463,3488.756726768135
945432,720021,102.96170059005345
803618,347465,1395.9079259542164
416958,701088,235.557559324282
162306,303318,239.1905530011521
774992,354754,0.0
109576,943114,0.0
887152,111351,0.0
25050,998913,0.0
994557,332403,401.09479502127385
454897,865987,26.122191469848104
767243,419839,861.662371787193
834376,124092,2670.382423485983
154186,209750,254.10780435729214
322585,323714,142.90157944459844
629329,442180,275.1345028045671
641245,845427,1520.2647084543235
728367,419839,301.424815235061
635419,481574,2154.703617098673
302297,359964,0.0
897835,902478,1313.1596040482195
593548,984203,0.6444466235445105
128643,617660,2526.782731709606
278830,342381,305.10041962102326
32820,556622,643.8069326761587
873729,926341,606.1760641997532
347609,30376,264.6661182326894
617866,984203,0.0
594395,577053,366.0587087623296
889399,111351,1248.1527627769904
237818,887902,610.0943547734016
280445,853711,2124.1853859148296
504578,647752,0.0
873729,742092,741.6207177054413
434435,175115,144.6594890248499
152481,834789,0.0
199187,161791,1387.5626091653344
930675,464465,1505.439110658228
773773,765004,0.0
840888,760269,127.95784779527915
144562,30048,1171.9574542677226
831962,549883,2458.512004516571
162330,674816,232.52711155818508
508803,671460,0.0
627954,111351,0.0
789805,577053,275.37221178816856
820860,70926,430.23112979200664
194721,76655,364.8306707495737
194857,693469,1324.155675046002
566734,379168,172.05834149538464
715340,923116,704.3007527737809
218312,505424,713.3637887307325
296676,923116,1187.6685080183438
166694,892986,285.4064876548109
402936,134783,916.9684054718712
253522,720245,1402.9452705223518
447968,640643,194.50156662139767
288324,112251,895.9333395239044
80991,530577,405.5711553371183
413862,176088,0.0
384852,930630,425.170208208466
115791,530577,198.17217279790918
196767,219307,2524.4023153733406
713644,712748,799.5736353876301
306906,968423,267.3776408579537
102809,230551,250.5448456635328
96798,695522,91.02579205569276
947148,378771,1208.8017209852094
914527,218845,8.843020631499797
415534,141278,1865.9176015407593
545414,161791,1454.6930934086195
849071,569289,3388.1798724310424
757708,828986,101.11003208622742
9797,539831,597.8483542355798
633800,708918,143.69060325889217
846009,85370,574.0273312179415
326381,429815,1454.0786660021945
303215,695937,938.4381951399273
960673,751476,650.8546524307786
255026,680971,110.87140351694178
563940,357060,5.125814202568421
779163,182948,299.26392231080007
208084,378771,465.2059851810353
106743,21244,35.492311536007364
28913,107765,576.362702628712
13713,419839,266.33481825346877
290643,359964,547.0018003922885
500846,785196,0.0
875919,772796,0.0
824555,825117,891.0381039425042
573417,337273,3171.199163322649
432054,589532,316.69904689938545
411093,332403,394.0695567320214
727337,382847,783.4549419775478
528461,454172,1335.0096286959488
791435,698415,0.0
679489,444328,768.3254039798711
183735,578968,679.2637940199293
619310,337599,0.0
633359,191894,394.1828783155565
959850,922019,0.0
723044,589905,1673.760271566648
454428,278805,278.84041084782416
455432,95439,402.42455999239064
495790,879164,1393.5105096342184
700784,477242,3350.8107026758635
860559,481574,1987.06292616065
233713,442208,2226.1215953999704
208084,998913,459.09505293532794
791435,70231,0.0
937704,941421,1168.2704346554779
240824,636297,1450.8469776824063
189623,467096,417.10393459123526
773773,311506,0.0
216482,631627,1096.022663589561
930582,682351,4700.915470931186
508803,519863,0.0
522150,831838,269.6777390983531
731718,366462,1057.4128365517768
479968,797981,0.0
208084,593896,741.5422089402068
492472,842438,427.59402181614786
322250,490313,1560.1910388543333
50945,289302,1460.788114473111
376613,853711,3609.696188091699
46049,728573,952.0142147856792
288123,191894,468.03463019806617
941366,615562,564.0269468429684
573417,984203,2304.2758280889134
456045,368515,106.64841214320737
153473,337599,311.9151107876563
98667,998913,270.15198248314897
617846,852932,3539.7963837044736
537780,735779,1513.614758685733
10243,992122,774.3912749717596
233713,366172,87.2321531837464
434435,821099,415.54446015365477
510562,230551,303.56306257232734
193676,158396,614.4539516474176
120748,660174,120.11445551484911
900354,442180,770.7113036153785
220422,582264,259.9440184536137
517910,546334,326.6415515759901
178381,412048,782.022254378015
217877,138281,0.0
160817,33540,0.0
839495,975724,159.71558643904888
255620,124092,863.872221681184
772157,7391,8108.1717954237965
187469,6139,522.5761258314285
374927,653526,772.6110729516092
475311,124092,752.2658795310352
208084,285685,432.0397641821206
60438,282435,1411.818439693923
280445,918042,4254.501559383748
144771,205688,522.8131920401925
961018,785196,0.0
954515,877336,2542.5806375397447
416958,662929,129.29801531897982
634006,926341,1182.2998187946032
936230,560212,0.0
318384,713381,342.0138675998479
443869,491725,553.4093650017207
600619,481574,1912.1944175114782
834971,64135,1015.7974810891496
831804,151958,391.08181049003133
87432,876369,0.0
264895,569289,0.0
968045,442180,1176.628935394604
54907,652915,123.61503413580527
926602,665162,980.9249062021433
533645,975724,2484.628238758605
293697,955087,1792.0507230613896
888300,845427,213.97152654340343
400867,217961,427.50856371015243
430499,280800,558.549802827318
10146,799335,0.0
981277,964047,32.8960331411829
23921,936020,0.0
949563,681692,1006.5007715353626
61112,633474,1650.3844474075115
265728,30895,0.0
681518,918042,3612.3465176060986
430499,681692,1489.4930602016739
778023,680503,225.23103901774613
14688,959059,425.3721314625782
40242,59550,0.0
617846,892846,4140.95941234074
361097,626176,106.60588212390834
767676,531167,2528.896823732654
528461,710003,1232.876246865214
422091,151958,379.23663832297495
749597,203088,3278.4377524732763
47560,378771,0.0
780239,200862,143.9192234247374
470255,694161,0.0
974428,532822,0.0
448151,638106,0.0
857999,85370,1320.4919208714243
364412,576469,50.016634526736226
475415,73355,941.498526636193
607890,124806,0.0
736141,407954,177.9623486803073
184614,964047,440.9326027308995
990076,458201,307.1421812057367
504523,453949,952.3065641479105
592059,835492,1206.0151266472374
235452,556507,622.5616103823893
143176,782278,511.28098716845847
44162,807530,473.5687191171105
368452,810856,909.731136145809
517910,429117,0.0
425980,21244,384.2954149076047
98012,736860,542.1094770912841
257737,322436,0.0
352318,369424,0.0
492472,579967,450.85448847291235
945432,132660,0.0
518921,323714,821.3336991074723
208530,247498,183.82387897121652
522694,366435,3724.470062699943
119426,203088,5279.383816654055
374572,467336,2033.8473711323074
154142,90008,1867.5021617053928
838520,676985,422.222387799672
468370,357060,1156.3462363395545
277054,343176,0.0
975852,467096,726.6179905089521
331478,166845,787.0546332126214
810801,313852,803.1466599983071
969286,626176,968.6712128345279
779845,817299,99.97383493647716
149050,882140,434.1373006025958
971793,918042,3837.9041124602904
45937,23763,365.3164760509253
235170,569118,0.0
881238,271305,0.0
640322,43055,444.14948491294535
460157,991841,543.7239489578731
162330,947232,0.0
160817,923116,752.2681797093802
501468,809910,0.0
725812,710003,2331.5065579909965
212425,799335,0.0
85752,710003,247.25417034781998
618019,94700,0.0
941366,161791,1965.184576232393
980347,143052,1644.8803599147734
90148,46820,2699.854580149781
68322,442208,1654.9452348225232
876906,95439,616.4931423092839
909495,693469,275.38865503160775
393955,437502,388.1959109041851
916590,467336,1886.88686611355
59627,676985,718.1483736690475
154714,956375,1924.3777517822955
561339,305861,0.0
742254,814031,2742.3299127000273
937704,913809,1043.7009866567355
348868,639521,387.9857222501116
98667,512894,0.0
381520,955087,287.32462696640124
90148,359964,2763.8626473704794
147716,555325,666.2558949260442
28913,528099,786.9651075604372
43130,404332,257.3275480359624
411817,710589,840.6099656853738
747027,878826,611.3487257333738
290643,695937,771.0324557373233
859160,965622,134.72726271932743
67558,530577,7051.727950247641
705632,817206,0.0
173252,358877,497.4925537165533
540742,610392,638.8038070952282
301337,203088,1298.5284273018515
749499,244124,487.6689289019507
264058,64135,958.4906303404608
971793,354754,0.0
564398,407954,0.0
890152,342381,398.0480149796121
383236,412048,470.10180816858735
324193,582264,2.4256905328272467
513326,66853,25.27319333840338
672617,580528,1482.482596604339
784451,419839,632.5076769909354
583085,642163,437.72123859188036
858927,789786,19.23210850758619
834313,701088,726.4010488234072
527866,593407,300.24082807416164
515608,354754,0.0
195691,378771,0.0
423178,528099,890.2450357101281
940045,880536,3403.6962058784534
552585,998913,0.0
149710,124092,1407.3691571425747
266071,247498,2.0866114498730326
820043,87843,468.16629514634934
258017,683627,1872.8025232067284
411093,550395,1315.7223884656655
501724,318504,176.69885784075106
580347,110225,1968.9119454255879
883476,384028,0.0
498989,43055,604.2552138322109
166096,643049,123.5580346550704
350287,173500,0.0
665978,812449,393.2756801943954
980278,203088,930.2412446202867
16154,961450,431.4689668679067
113887,722025,3683.6667762082684
689551,830738,1476.4383544620923
411093,561824,38.06595474041012
369563,828007,0.0
852394,467336,3488.2763627048107
240824,282435,2935.990163843507
33893,475187,0.0
763874,11502,4993.3868989899875
950407,45981,0.0
456045,429815,721.5058798709795
69792,482465,293.217694171469
476123,753600,1143.1551688058075
779163,712748,1236.0755441240503
485906,545860,650.340031929823
877276,765004,156.35225708730775
299012,109628,288.7928407009872
98940,24488,2115.8770420666347
29847,65027,0.0
416960,138281,0.0
548544,149835,1379.6043165207504
626591,689022,1073.2856114989368
674728,993433,59.588925831932954
607020,107692,340.137560407336
224720,834789,181.8013836272744
349749,688024,0.0
617795,697735,1263.432257186706
515608,710589,51.34892399659681
69175,39515,0.0
128643,617660,2526.782731709606
452902,134783,0.0
890113,697735,235.40800930656144
292771,46897,188.3858543504867
757708,839768,171.8121334209775
763494,638106,816.6929790439168
500785,803231,0.0
863817,427016,299.9820713263713
983003,668467,0.0
522694,864429,3478.2736239392802
43101,662929,366.470344638178
517362,332403,575.7179124323709
534751,59550,504.85143629181124
594395,113347,0.0
929711,950993,1459.7865437715684
255026,244124,535.1584988475317
287882,298381,693.9260473892025
280445,577053,945.3376618795623
648669,357060,0.0
550427,195861,277.587679218121
645071,676985,522.7512909245436
453432,288799,0.0
803238,235165,374.42279973386604
165614,134783,0.0
887152,429815,654.715542236147
216482,838773,1269.2322308718226
425517,516044,737.4121300063321
860559,449058,0.0
285752,837231,0.0
641770,2518,85.48216034790724
109353,168040,4289.688057680036
834376,660710,1832.7753948866239
32806,652478,1291.9018689023376
235413,244124,2539.3751435550726
485327,276204,197.83008589393634
367563,680971,0.0
100501,494777,0.0
696596,205688,0.0
583085,121996,723.3505843994064
847991,71619,208.3188456403611
117648,209750,1680.0929623134862
439902,544583,538.578772297857
377319,593407,132.70935668305287
198694,282435,1693.6876085733466
463435,944806,73.27772088384063
272968,168040,1209.3984038776657
172715,779403,420.6901234968683
144919,419839,426.65300029423423
782910,644221,368.6760678208504
185660,841918,1529.9455785520593
539162,22967,0.0
454428,134783,368.31969365103504
952776,85370,1145.2140462186517
629589,440242,721.2002102015852
274429,313852,491.07318318725726
295282,972871,183.7008765030933
277770,493058,135.83482107830218
118098,141278,1296.4304524412723
425517,831838,819.8447543179683
285752,191805,233.93880415774487
86582,70231,388.9120697590955
391445,918042,4003.2554837077832
817147,746858,7.599318343841475
417654,875119,530.7384657151923
553396,356630,226.16649163882676
974428,64135,697.3335350257742
239119,50627,0.0
827354,231924,598.1369303973884
926638,672373,10997.073905060266
485420,890771,4144.235445461157
217877,926341,91.56901798900694
854305,303562,26.330678651020406
589745,695073,0.0
611037,767751,894.9728419801477
508803,341932,415.9042846279308
343297,244124,390.244996428508
560178,845658,3334.5157895188822
364315,924533,10256.29111373557
672617,62959,1396.691574719124
447121,545860,1686.545349102083
723044,230551,1158.096437614674
473629,831838,2049.2231521615604
46079,586320,0.0
842403,618540,408.1750564525694
184614,945506,186.27754600985233
536265,913809,0.0
812593,681692,969.5356588780313
263666,181501,0.0
615851,956375,2232.29012734242
677058,64135,3502.0510170964103
849071,918042,7117.74250994458
555524,257446,0.0
588548,530577,876.0418669762562
875987,432302,236.04196996692946
826214,442180,1104.1106152433308
270111,217762,1046.3487630581978
620114,528099,1454.5583485082448
983003,668467,0.0
307066,155818,40.76788431033114
623472,15238,443.90302957245643
887152,278805,0.0
517362,155818,672.1144291631505
687395,138281,0.0
329721,219307,2116.756654965951
326381,685277,687.1747901934748
714512,892846,1318.3352088900292
266071,24488,1570.647289376835
956532,24488,1442.1532385263336
112134,322436,740.0034522592304
519861,442180,1089.910835170852
74832,866793,1.944744328575581
975124,244124,1449.9462337652312
302819,419839,2192.187127457832
85752,467336,1909.6245008642122
983003,287317,0.0
597966,64135,747.7610397901325
259639,481574,1800.4553863869146
880633,398911,57.996911790785774
307836,810277,2.7164842230524755
428998,62760,135.67072672438047
379357,378771,1329.2103641979834
888088,154970,0.0
791263,90870,0.0
527585,918042,3982.725266839927
197117,765004,221.74165838750616
38878,225992,706.5847725812257
